hashtag,count,sentiment,date
#truth,1,-0.6908,2016-03-25
#respect,1,0.6114,2016-03-25
#myfirstTweet,1,0.0,2016-03-25
#FukiCommune,1,0.0,2016-03-25
#ITT16,1,0.5719,2016-03-25
#PagsubokGMA7APT,1,0.296,2016-03-25
#TrumpLovesPecker,3,0.39333333333333337,2016-03-25
#Lovatics,1,0.0,2016-03-25
#pip,1,0.0,2016-03-25
#ameba,1,0.0,2016-03-25
#betabookings,1,0.0,2016-03-25
#otc,1,0.0,2016-03-25
#BatmanvSuperman,3,0.07936666666666667,2016-03-25
#Phillies,2,0.0,2016-03-25
#OrgullososDeSerComunistas,2,-0.2233,2016-03-25
#goodsmile,1,0.0,2016-03-25
#Network,1,0.0,2016-03-25
#birdoftheweek,1,0.5859,2016-03-25
#gunsfan,1,0.0,2016-03-25
#Lecce,1,0.0,2016-03-25
#Pasqua,1,0.0,2016-03-25
#TedCruz,2,-0.47475,2016-03-25
#Fuki,1,0.0,2016-03-25
#LuanNaExpoLondrina,1,0.5411,2016-03-25
#happy,1,0.7959,2016-03-25
#cherry,1,-0.5994,2016-03-25
#FLEXSQUADENT,1,0.0,2016-03-25
#Cuse,1,0.0,2016-03-25
#Sweet16,6,-0.24101666666666666,2016-03-25
#SelenaGomez,6,0.08510000000000001,2016-03-25
#CyberNationInTheNews,1,0.1509,2016-03-25
#klausvive,1,0.0,2016-03-25
#Talleres,1,0.0,2016-03-25
#Gopies,1,0.6562,2016-03-25
#basketball,1,0.2263,2016-03-25
#funfriday,1,0.0,2016-03-25
#pso2_ship04,1,0.0,2016-03-25
#Caribana,1,0.3612,2016-03-25
#Tr,1,0.0,2016-03-25
#Isles,1,0.0,2016-03-25
#jim,1,0.0,2016-03-25
#KrvNijeVoda,1,0.0,2016-03-25
#fb,1,0.0,2016-03-25
#iHearAwards,1,0.516,2016-03-25
#UROCK,1,0.0,2016-03-25
#MBFelicitaATati,1,-0.296,2016-03-25
#sougofollow,1,0.0,2016-03-25
#deuces,1,0.0,2016-03-25
#horribleofficiating,1,0.0431,2016-03-25
#NoFearZone,1,0.0,2016-03-25
#feriadoemfamilia,1,0.0,2016-03-25
#BernieOrBust,1,0.5972,2016-03-25
#Turkish,1,-0.4404,2016-03-25
#NC_ML,1,0.0,2016-03-25
#WinterIsComing,1,0.0,2016-03-25
#jishin,1,0.0,2016-03-25
#FollowMeCarlos,1,0.0,2016-03-25
#eigo,1,0.0,2016-03-25
#aboutlastnight,1,0.0,2016-03-25
#Exposed,1,0.875,2016-03-25
#download,1,0.0,2016-03-25
#hotgirls,1,-0.5574,2016-03-25
#ilovetoeat,1,0.0,2016-03-25
#invest,1,0.0,2016-03-25
#39,1,0.6988,2016-03-25
#cookers,1,0.0,2016-03-25
#liveonstreamate,1,0.4588,2016-03-25
#CubanMistressCrisis,1,-0.7378,2016-03-25
#TL,1,0.0,2016-03-25
#TaylorSwiftBlankSpace,3,0.06743333333333333,2016-03-25
#TeamBreezy,1,0.0,2016-03-25
#36,1,0.0,2016-03-25
#barnsleyisbrill,1,0.0,2016-03-25
#Tocopilla,1,0.0,2016-03-25
#HB2,1,0.296,2016-03-25
#keiba,1,0.0,2016-03-25
#Brasil,5,-0.059199999999999996,2016-03-25
#SXSW,1,0.8452,2016-03-25
#CUCCIFRIDAY,1,0.6124,2016-03-25
#Pokemon20,1,0.0,2016-03-25
#hunho,1,0.0,2016-03-25
#dessert,1,0.0,2016-03-25
#NCAAHockey,1,0.0,2016-03-25
#suck,1,-0.3182,2016-03-25
#InTheMix,1,0.0,2016-03-25
#nevertrump,2,0.829,2016-03-25
#teamsaviors,1,0.0,2016-03-25
#call,1,0.0,2016-03-25
#vanilla,1,0.0,2016-03-25
#PRAYFORJUSTIN,1,0.5754,2016-03-25
#LILLE,1,0.0,2016-03-25
#CapitalsTalk,1,0.8559,2016-03-25
#muslim,1,-0.6166,2016-03-25
#IRENE,1,0.0,2016-03-25
#LaAdoraci,1,0.0,2016-03-25
#BlueJays,1,0.0,2016-03-25
#fabiojr,1,0.0,2016-03-25
#furry,1,0.0,2016-03-25
#columbuscircle,1,0.0,2016-03-25
#truetalent,1,0.7783,2016-03-25
#Elite8,9,0.04885555555555557,2016-03-25
#HQ,1,0.0,2016-03-25
#HR,1,0.0,2016-03-25
#Yahoo,2,0.0,2016-03-25
#aokana_anime,1,0.0,2016-03-25
#Superman,1,0.6124,2016-03-25
#Perfect,1,-0.4243,2016-03-25
#RobinofSherwood,1,0.636,2016-03-25
#MOCA,1,-0.5267,2016-03-25
#BestFanArmy,73,0.016405479452054793,2016-03-25
#Rampage,1,0.0,2016-03-25
#VAMOSARRIBALACELESTE,1,0.0,2016-03-25
#VIDEO,1,0.0,2016-03-25
#mobile,1,0.3147,2016-03-25
#welcomeback,1,0.5574,2016-03-25
#Capricorn,1,0.3802,2016-03-25
#Boom,1,0.0,2016-03-25
#FF,5,0.07224,2016-03-25
#ChooseCruz,1,0.2244,2016-03-25
#ABEST15th,1,0.5859,2016-03-25
#SBAP,1,0.0,2016-03-25
#Random,1,0.636,2016-03-25
#disturbingthepeace,1,-0.2023,2016-03-25
#baekhyun,1,0.0,2016-03-25
#BirdieSanders,13,0.20133076923076926,2016-03-25
#relojes,1,0.0,2016-03-25
#FIBR3,1,0.0,2016-03-25
#EasterEggHunt,1,0.4404,2016-03-25
#doubleyum,1,0.0,2016-03-25
#Uruguay,3,0.0,2016-03-25
#999TBS,2,0.0,2016-03-25
#f4f,1,0.7959,2016-03-25
#asus,1,0.0,2016-03-25
#pixelgun3d,1,0.3147,2016-03-25
#PARTY,1,-0.7819,2016-03-25
#SaaS,1,0.0,2016-03-25
#falaroadto10k,1,0.0,2016-03-25
#porno,1,0.0,2016-03-25
#3d,1,0.3147,2016-03-25
#Eliminatoria,1,0.0,2016-03-25
#URBA,1,0.0,2016-03-25
#AXNKOREA,1,0.0,2016-03-25
#sunset,1,0.0,2016-03-25
#EsposoLindo,1,0.0,2016-03-25
#romance,2,-0.26395,2016-03-25
#confidential,1,0.0,2016-03-25
#WomenInBiz,1,0.6486,2016-03-25
#MentirasDeMexicanos,1,0.0,2016-03-25
#NigelCabourn,1,0.0,2016-03-25
#gold,1,0.0,2016-03-25
#Scotland,1,0.0,2016-03-25
#Leather,1,0.0,2016-03-25
#PurposeTourLasVegas,3,0.1468,2016-03-25
#American,1,0.0,2016-03-25
#Azaria,1,0.296,2016-03-25
#options,1,0.0,2016-03-25
#Irish,2,0.20995,2016-03-25
#NeverTrump,1,-0.5106,2016-03-25
#ImWithHer,2,0.0,2016-03-25
#kattun,3,0.0,2016-03-25
#BaeInTheCityCT,1,-0.5335,2016-03-25
#snapback,1,0.0,2016-03-25
#gay,1,0.0,2016-03-25
#Wisconsin,3,0.12390000000000001,2016-03-25
#KARMALAND2,1,0.0,2016-03-25
#curta,1,0.0,2016-03-25
#lasele,1,0.0,2016-03-25
#cremebrulee,1,0.0,2016-03-25
#listenlive,1,0.0,2016-03-25
#26M,1,0.0,2016-03-25
#yum,1,0.0,2016-03-25
#YugBam,1,0.0,2016-03-25
#Drones,1,-0.7845,2016-03-25
#citybuilder,1,0.0,2016-03-25
#TuitUtil,6,0.07646666666666667,2016-03-25
#saigai,1,0.0,2016-03-25
#bonplan,1,0.0,2016-03-25
#TMDK,1,0.4215,2016-03-25
#DataScienc,1,0.0,2016-03-25
#GTOP,2,0.0,2016-03-25
#OneTennessee,1,0.3802,2016-03-25
#trumplovespecker,3,0.5526666666666666,2016-03-25
#ForIndiana,3,0.14003333333333332,2016-03-25
#CapsDevils,4,0.661,2016-03-25
#CuartaFase,1,0.0,2016-03-25
#Snapdragon,3,0.0,2016-03-25
#SiguemeYTeSigo,1,0.0,2016-03-25
#NuncaMas,3,0.13396666666666665,2016-03-25
#WeAreBernie,1,0.5972,2016-03-25
#LaTDAesNuestra,1,0.0,2016-03-25
#mexico,1,0.0,2016-03-25
#MAD_2016,1,0.0,2016-03-25
#DespertarContigo,1,0.0,2016-03-25
#WonderWoman,2,0.3062,2016-03-25
#health,1,0.765,2016-03-25
#necialani,1,0.0,2016-03-25
#CruzSe,1,0.807,2016-03-25
#NS2017,1,0.0,2016-03-25
#LikeIWould,1,0.0,2016-03-25
#SMAA,1,0.0,2016-03-25
#dank,1,0.0,2016-03-25
#sun,1,0.7959,2016-03-25
#Mississippi,1,0.4926,2016-03-25
#SQLpass,1,0.0,2016-03-25
#YodaWhispersInYourEar,1,0.0,2016-03-25
#UNCBBall,1,0.3182,2016-03-25
#ProInternet,1,0.0,2016-03-25
#mitsukibot,1,0.0,2016-03-25
#tshirt,1,0.0,2016-03-25
#MishaNaWarner,2,0.0,2016-03-25
#SoHappy,1,0.4404,2016-03-25
#Heat,1,0.5267,2016-03-25
#Vamosacalmarnos,1,0.0,2016-03-25
#impeachmentJa,1,0.0,2016-03-25
#Valencia,1,0.0,2016-03-25
#Jackson,1,0.0,2016-03-25
#MagnoliaPinasarapNgTamangPanahon,1,-0.6115,2016-03-25
#Canvas,1,0.0,2016-03-25
#BTS,5,0.0,2016-03-25
#nana,1,0.0,2016-03-25
#skincare,1,0.9022,2016-03-25
#st,1,-0.5362,2016-03-25
#retrogaming,1,0.1531,2016-03-25
#PatyCantuAN30Abril,5,0.12248,2016-03-25
#IggyAzalea,1,0.0,2016-03-25
#UnidosyOrganizados,1,0.0,2016-03-25
#apple,1,0.0,2016-03-25
#papiymamiatiempocompleto,1,0.0,2016-03-25
#MiSue,1,0.0,2016-03-25
#Mexico,1,-0.5216,2016-03-25
#EnergizaTuConciencia,1,0.0,2016-03-25
#Syria,1,0.0,2016-03-25
#Virginia,1,0.0,2016-03-25
#UptownFunk,355,0.07595859154929584,2016-03-25
#myVR,1,0.0,2016-03-25
#Licensed,1,0.0,2016-03-25
#kattwilliams,1,0.0,2016-03-25
#LIKEMIKE,1,-0.7819,2016-03-25
#PrayForPalestine,1,0.0,2016-03-25
#cruzsexscandal,1,0.0,2016-03-25
#27deabril,1,0.0,2016-03-25
#tournament,1,0.0431,2016-03-25
#business,1,0.0,2016-03-25
#Satchel,1,0.0,2016-03-25
#JFCJustinBieber,3,0.5464000000000001,2016-03-25
#Transito,1,0.0,2016-03-25
#RESCUE,1,-0.7378,2016-03-25
#arteradikalparajesus,1,0.0,2016-03-25
#Faculty,1,0.0,2016-03-25
#runner,1,0.0,2016-03-25
#Smh,1,0.0,2016-03-25
#JoseOrtegayGasset,1,-0.296,2016-03-25
#MANWITHAM,1,0.0,2016-03-25
#BestCover,408,0.08079313725490202,2016-03-25
#NotreDame,3,0.023966666666666653,2016-03-25
#EasterBunny,1,0.0,2016-03-25
#LTE,1,0.0,2016-03-25
#UnDescuidoYSeTerminaLaPatria,1,0.0,2016-03-25
#ConcordPD,1,0.0,2016-03-25
#itirafediyorum,1,0.0,2016-03-25
#Coffee101,1,0.0,2016-03-25
#GoIrish,2,-0.413,2016-03-25
#CANvMEX,1,0.0,2016-03-25
#stronggirls,1,0.8914,2016-03-25
#ViaCrucis,1,0.0,2016-03-25
#VOTA,1,0.2714,2016-03-25
#GuerreroMeEnamora,1,0.0,2016-03-25
#homecooked,1,0.0,2016-03-25
#QuePena,1,0.0,2016-03-25
#RTP1,1,0.0,2016-03-25
#KATTUN,1,0.0,2016-03-25
#PurposeTour,4,0.40347500000000003,2016-03-25
#melaniemartinez,1,0.6103,2016-03-25
#Halo,1,0.0,2016-03-25
#DJ,1,0.0,2016-03-25
#Srhome,1,0.0,2016-03-25
#fotokuapp,1,0.0,2016-03-25
#passbac,1,0.0,2016-03-25
#Assadiqulhaq,1,0.0,2016-03-25
#tech,1,0.0,2016-03-25
#thames,1,0.0,2016-03-25
#android,6,0.0,2016-03-25
#SpreadtheLove,1,0.3612,2016-03-25
#healthylifestyle,1,0.0,2016-03-25
#VULCANOByMiroG,1,0.0,2016-03-25
#bringit,1,0.4404,2016-03-25
#FOLLOWTRICK,2,0.6289,2016-03-25
#shooter,1,0.3147,2016-03-25
#taeyeon,1,0.0,2016-03-25
#makingiliwys,2,0.5654,2016-03-25
#studiopotter,1,0.0,2016-03-25
#igdev,1,0.0,2016-03-25
#Athens,1,0.0,2016-03-25
#ESPN,1,0.0,2016-03-25
#Beasters,1,0.0,2016-03-25
#Contest,1,0.8452,2016-03-25
#yikes,1,0.0,2016-03-25
#LOWLIFE,1,0.0,2016-03-25
#NowPlaying,5,0.12738,2016-03-25
#ciclismo,1,0.0,2016-03-25
#SmartNews,2,0.0,2016-03-25
#NorthCarolina,1,0.296,2016-03-25
#teenporn,1,-0.4926,2016-03-25
#run,1,0.0,2016-03-25
#yoga,1,-0.5423,2016-03-25
#meow,1,0.0,2016-03-25
#thevoice,2,0.4753,2016-03-25
#Illini,1,0.0,2016-03-25
#Gucci,1,0.0,2016-03-25
#FCA,1,0.0,2016-03-25
#CamilaIs,1,0.0,2016-03-25
#tripplanning,1,-0.128,2016-03-25
#LINEN,1,0.0,2016-03-25
#ParisAttack,1,-0.5106,2016-03-25
#AmigosSinceros,1,0.6124,2016-03-25
#TBWorld2016,1,0.5413,2016-03-25
#like,1,0.0,2016-03-25
#noah_ghc,1,0.0,2016-03-25
#AllState,2,0.0,2016-03-25
#doemubjuso_com,1,0.0,2016-03-25
#TarHeelNation,1,0.0,2016-03-25
#KungFuPanda3,1,0.1739,2016-03-25
#teamwayneforlife,1,0.836,2016-03-25
#MSGWishes,1,0.0,2016-03-25
#NOW26,1,0.0,2016-03-25
#batpark,1,0.0,2016-03-25
#makeup,1,0.9022,2016-03-25
#HillaryCli,1,0.0,2016-03-25
#FeelTheBern,3,0.3943666666666667,2016-03-25
#NOTDONEYET,1,0.0,2016-03-25
#yunho,1,0.0,2016-03-25
#oneofmyusedtobetwitterfollower,1,0.0,2016-03-25
#ibabin,1,0.0,2016-03-25
#travel,2,0.33395,2016-03-25
#maimai,1,0.0,2016-03-25
#Cancer,1,-0.8225,2016-03-25
#English,1,0.0,2016-03-25
#Indy,1,0.7096,2016-03-25
#WhiteRoseSoc,1,0.0,2016-03-25
#ceramics,1,0.0,2016-03-25
#HUSL,1,0.3595,2016-03-25
#MEMatSAS,1,0.0,2016-03-25
#5weeksleft,1,-0.34,2016-03-25
#J2150J,1,0.6597,2016-03-25
#indiedev,2,0.07655,2016-03-25
#Eliminatorias,1,0.0,2016-03-25
#hiring,1,0.4753,2016-03-25
#ZippedNews,1,-0.6705,2016-03-25
#Music,1,0.296,2016-03-25
#Oaxaca,1,0.0,2016-03-25
#whyISmoke,1,0.0,2016-03-25
#DJS,1,-0.7819,2016-03-25
#pottery,1,0.0,2016-03-25
#MAGCONWorldWide,1,0.4898,2016-03-25
#ExecutiveOrderDies,1,0.0,2016-03-25
#tourists,1,0.0,2016-03-25
#nba,2,0.11315,2016-03-25
#Adjunct,1,0.0,2016-03-25
#FTL,1,0.2263,2016-03-25
#EsNoticias,1,0.0,2016-03-25
#turbo,1,0.0,2016-03-25
#MindOfMine,3,0.21230000000000002,2016-03-25
#shepreachesgf,1,0.7106,2016-03-25
#docomo,1,0.0,2016-03-25
#otcmarkets,1,0.0,2016-03-25
#suzurijp,1,0.0,2016-03-25
#23pt5,1,0.0,2016-03-25
#GoAztecs,1,0.0,2016-03-25
#SemanaSanta,1,0.0,2016-03-25
#timewarnerbuilding,1,0.0,2016-03-25
#futbolx180,1,0.0,2016-03-25
#NewYork,1,0.0,2016-03-25
#ametwi,1,0.0,2016-03-25
#mac,1,0.0,2016-03-25
#itinerary,1,0.7959,2016-03-25
#ClasificatoriasEEC,1,0.0,2016-03-25
#21,1,0.6486,2016-03-25
#INSANE24U,3,0.0,2016-03-25
#25,1,-0.2263,2016-03-25
#TBWORLD2016,1,0.4939,2016-03-25
#teamwoodbury,1,0.0,2016-03-25
#Memoria,1,0.0,2016-03-25
#live,1,0.0,2016-03-25
#Hearties,2,0.1716,2016-03-25
#JesusVive,5,0.36744000000000004,2016-03-25
#5sosFam,1,0.0,2016-03-25
#BreakingNews,1,0.6486,2016-03-25
#followdaibosyu,1,0.0,2016-03-25
#ShootYourShot2k16,1,0.1027,2016-03-25
#Lounge,1,0.0,2016-03-25
#TBLightning,1,0.0,2016-03-25
#vineyardvines,1,0.0,2016-03-25
#PrayForNigeria,2,0.33505,2016-03-25
#PreguntasIncomodas,2,0.0,2016-03-25
#Christian,1,-0.4215,2016-03-25
#Lavrov,1,0.0,2016-03-25
#IHeartAwards,2,0.0,2016-03-25
#gamedev,3,0.05103333333333334,2016-03-25
#FutureReady,1,0.4003,2016-03-25
#StateChamp,2,0.0,2016-03-25
#soukou_akki_muramasa,1,0.0,2016-03-25
#mothernatureknows,1,0.5859,2016-03-25
#FOSTER,1,-0.7378,2016-03-25
#salford,1,0.5267,2016-03-25
#OnWisconsin,1,0.8922,2016-03-25
#FUNTHJNGSGIVEAWAY,1,0.8588,2016-03-25
#Share,2,0.0,2016-03-25
#News,3,-0.07496666666666668,2016-03-25
#9oclockMixtape,1,0.0,2016-03-25
#heatlive,1,0.6808,2016-03-25
#Senator,1,0.3818,2016-03-25
#Acapulco,1,0.0,2016-03-25
#MindofMine,1,0.0,2016-03-25
#Parakeet,1,0.5859,2016-03-25
#Weekend,1,0.0,2016-03-25
#hq_anime,1,0.0,2016-03-25
#Shoko,1,0.0,2016-03-25
#SoundCloud,3,0.0,2016-03-25
#comentashow,1,0.0,2016-03-25
#teen,1,0.296,2016-03-25
#newtprmusic,1,0.0,2016-03-25
#ctto,1,-0.5335,2016-03-25
#Uptownfunk,1,0.5106,2016-03-25
#FelizLunes,1,0.0,2016-03-25
#islamIsTheProblem,1,-0.6166,2016-03-25
#Devils,1,0.34,2016-03-25
#CitiesFromSpace,1,0.0,2016-03-25
#online,1,0.0,2016-03-25
#spoileralert,1,0.0,2016-03-25
#SNRTG,1,0.0,2016-03-25
#kacangphool,1,0.0,2016-03-25
#neednoms,1,0.0,2016-03-25
#nsfw,1,0.2732,2016-03-25
#JohanCruyff,1,0.0,2016-03-25
#Project10x,1,0.0,2016-03-25
#TYLERPOSEYISOURBABY,1,0.0,2016-03-25
#bdsm,1,0.2732,2016-03-25
#senorfrogs,1,0.0,2016-03-25
#BikeLife,1,0.0,2016-03-25
#Hardcore,1,0.0,2016-03-25
#MH17,1,0.2247,2016-03-25
#NotDoneYet,3,0.04890000000000002,2016-03-25
#BlackTwitterTheBestTwitterSeason2,1,0.0,2016-03-25
#OsVirtuaisAnonimosSdv,1,0.0,2016-03-25
#bkstglawsuit,1,-0.2732,2016-03-25
#SomosModa,1,0.0,2016-03-25
#WoodenAward,1,0.0,2016-03-25
#pics,1,0.0,2016-03-25
#NewsPicks,1,0.0,2016-03-25
#AmexCarrabbas,1,-0.0772,2016-03-25
#ver4,2,0.0,2016-03-25
#foradunga,1,0.0,2016-03-25
#anal,1,-0.4926,2016-03-25
#finlitmove,1,0.0,2016-03-25
#SiyaKeRam,1,0.0,2016-03-25
#GoodFriday,3,-0.006566666666666683,2016-03-25
#OnePlus3,3,0.0,2016-03-25
#success,1,0.0,2016-03-25
#LigaNacional,1,0.0,2016-03-25
#RedCOTC,1,0.0,2016-03-25
#verified,1,0.765,2016-03-25
#blacksaturday,1,0.0,2016-03-25
#portada,1,0.0,2016-03-25
#GoHoos,1,-0.1901,2016-03-25
#JaneOineza,1,0.6361,2016-03-25
#LeeMinHo,1,0.0,2016-03-25
#BikeGang,1,0.0,2016-03-25
#ebay,1,0.5423,2016-03-25
#MemeableMoment,6,0.033716666666666666,2016-03-25
#indiegame,1,0.0,2016-03-25
#love,3,0.3925666666666667,2016-03-25
#askbelieber,2,0.5319,2016-03-25
#drifters,1,0.0,2016-03-25
#OsVirtuaisAnonimos,1,0.0,2016-03-25
#doittuitt,1,0.4215,2016-03-25
#ojitoslindos,1,0.0,2016-03-25
#Smule,1,0.0,2016-03-25
#KCON2016ABUDHABI,1,0.0,2016-03-25
#Monsantos,1,0.0,2016-03-25
#CIEL3,1,0.0,2016-03-25
#StopChildAbuse2016,1,0.5994,2016-03-25
#BIG,1,0.7192,2016-03-25
#trans,1,0.296,2016-03-25
#stream,1,0.0,2016-03-25
#TreCru,1,0.658,2016-03-25
#FOLLOWBACK,2,0.6289,2016-03-25
#ych,1,0.0,2016-03-25
#Anal,2,0.0,2016-03-25
#Hello,53,0.10912641509433965,2016-03-25
#silver,1,0.0,2016-03-25
#ARPJ,1,0.0,2016-03-25
#eart,1,0.0,2016-03-25
#R5,1,0.0,2016-03-25
#loscangrejos,1,0.0,2016-03-25
#mfs,1,0.0,2016-03-25
#icecream,1,0.0,2016-03-25
#naturalbeauty,1,0.2042,2016-03-25
#cat,1,0.0,2016-03-25
#1D,2,0.0,2016-03-25
#ICant,1,0.0,2016-03-25
#sm28471861,1,0.0,2016-03-25
#PrayForYemen,1,0.0,2016-03-25
#AldenRichards,3,0.18043333333333333,2016-03-25
#Aquarius,1,0.2732,2016-03-25
#style,1,0.3612,2016-03-25
#Sex,1,0.0,2016-03-25
#MendesArmy,3,0.26796666666666663,2016-03-25
#chanyeol,1,0.0,2016-03-25
#KatyPerryLeftShark,3,0.0,2016-03-25
#FRANCE,2,0.0,2016-03-25
#Hunnid,1,0.0,2016-03-25
#loveit,1,0.0,2016-03-25
#TMCS2016,1,0.0,2016-03-25
#FREEDOWNLOAD,1,0.0,2016-03-25
#Pisces,1,0.0,2016-03-25
#piccadillycircus,1,0.0,2016-03-25
#RedheadBattle,1,0.0,2016-03-25
#ElCa,1,0.0,2016-03-25
#boobs,1,0.0,2016-03-25
#Updates,1,0.0,2016-03-25
#CruzSexScandal,7,0.12528571428571425,2016-03-25
#xvideos,1,0.0,2016-03-25
#bigdata,1,0.0,2016-03-25
#Patagonia,1,0.0,2016-03-25
#analprincess,1,-0.5859,2016-03-25
#longtongue,1,0.4939,2016-03-25
#highrise,1,0.7783,2016-03-25
#natural,1,0.765,2016-03-25
#NYIvsTBL,2,0.0,2016-03-25
#sehun,1,0.0,2016-03-25
#cunhada,1,0.0,2016-03-25
#86,1,0.0,2016-03-25
#NahTesambat,1,0.0,2016-03-25
#badgers,1,-0.7579,2016-03-25
#WeAreReadyForB6,2,0.0,2016-03-25
#morefunz,1,0.0,2016-03-25
#GameInsight,1,0.6696,2016-03-25
#pennytrader,1,0.0,2016-03-25
#Paris,1,0.0,2016-03-25
#MandamientosParaUnaMujer,1,0.0,2016-03-25
#stoprudepeople2k16,1,0.0,2016-03-25
#sidebyside,1,0.6562,2016-03-25
#cool,1,0.4703,2016-03-25
#Cinema,1,0.0,2016-03-25
#Homemade,1,0.0,2016-03-25
#ciaodarwin,1,-0.5859,2016-03-25
#teamprison,1,0.0,2016-03-25
#Ollie300k,1,0.0,2016-03-25
#mPLUSRewards,4,0.0,2016-03-25
#RT,14,-0.027271428571428575,2016-03-25
#fronteraenlaweb,1,0.0,2016-03-25
#Formtshirt,1,0.0,2016-03-25
#KrisWu,1,0.0,2016-03-25
#ONAGAWA,1,0.0,2016-03-25
#BLMTOtentcity,1,-0.25,2016-03-25
#B1G,1,0.0,2016-03-25
#animejapan,8,0.0,2016-03-25
#BRASIL,1,0.0,2016-03-25
#awesome,1,0.0,2016-03-25
#pum_1,2,0.0,2016-03-25
#DeAmoryOtrasAdicciones,1,0.0,2016-03-25
#10,4,0.19125,2016-03-25
#panama,1,0.0,2016-03-25
#BRAxURU,1,0.0,2016-03-25
#Tucuman,1,0.0,2016-03-25
#14,1,0.0,2016-03-25
#paypal,1,0.0,2016-03-25
#beach,2,0.39795,2016-03-25
#ElViacrucisDeLaSalud,1,0.0,2016-03-25
#beutiful,1,0.3612,2016-03-25
#Bondage,1,0.0,2016-03-25
#KIHYUN,1,0.0,2016-03-25
#Polymanga,1,-0.5859,2016-03-25
#magnumopus,1,0.0,2016-03-25
#SHOWNU,1,0.0,2016-03-25
#irishnation,1,0.0,2016-03-25
#5SOSFam,29,-0.045620689655172394,2016-03-25
#Swifties,1,0.0,2016-03-25
#XOXO,1,0.0,2016-03-25
#Chat,1,0.0,2016-03-25
#Zags,1,0.0,2016-03-25
#366,1,0.0,2016-03-25
#LulaL,1,0.0,2016-03-25
#StopBracketSadness,2,0.5719,2016-03-25
#GOT7,6,0.08998333333333335,2016-03-25
#SupportTNA,1,0.0,2016-03-25
#instagram,1,-0.34,2016-03-25
#Kurdistan,1,-0.4404,2016-03-25
#Prada,1,0.0,2016-03-25
#watch,1,0.0,2016-03-25
#MakeAmericaGreatAgain,1,0.0,2016-03-25
#ncaa,1,0.0431,2016-03-25
#Mystic,1,0.0,2016-03-25
#sagaserifu,1,0.0,2016-03-25
#pu_m1,2,0.0,2016-03-25
#TeamYamaha,1,0.0,2016-03-25
#halo,1,0.0,2016-03-25
#JesusDeNazareth,1,0.0,2016-03-25
#indiegames,1,0.1531,2016-03-25
#JUNGKOOK,1,0.0,2016-03-25
#pso2,1,0.0,2016-03-25
#HappyXiuminDay,7,0.12938571428571427,2016-03-25
#10YearsOfHannahMontana,1,0.0,2016-03-25
#iHeartRadio,1,0.0,2016-03-25
#iH,1,-0.34,2016-03-25
#credit,1,0.0,2016-03-25
#gintama,1,0.0,2016-03-25
#ludacris,1,-0.2023,2016-03-25
#TDW,1,0.0,2016-03-25
#DO,1,0.0,2016-03-25
#MajuNaAtrevida,1,0.0,2016-03-25
#fun,2,0.39795,2016-03-25
#NSFW,1,0.0,2016-03-25
#instarunners,1,0.0,2016-03-25
#MGWV,4,0.6717,2016-03-25
#HappyXiuDay,1,0.0,2016-03-25
#Dead,1,0.0,2016-03-25
#greatcommission,1,0.0,2016-03-25
#Zoella,3,0.296,2016-03-25
#gHelp,1,0.0,2016-03-25
#KIR,1,0.0,2016-03-25
#adidas,1,0.0,2016-03-25
#SanFrancisco,1,0.0,2016-03-25
#HappyBirthdayLeePace,1,0.7067,2016-03-25
#IklanSulsel,1,0.0,2016-03-25
#pennystocks,1,0.0,2016-03-25
#blowjob,1,0.296,2016-03-25
#k2skis,1,0.6249,2016-03-25
#meuerro,1,0.0,2016-03-25
#installNow,1,0.0,2016-03-25
#Servicios,1,0.0,2016-03-25
#ThisTimeOfficialPoster,1,0.0,2016-03-25
#WhiteRoseRevolt,1,0.0,2016-03-25
#TGDN,1,-0.4019,2016-03-25
#somoslasele,1,0.0,2016-03-25
#Naranjal,1,0.0,2016-03-25
#agua,1,0.0,2016-03-25
#nike,1,0.0,2016-03-25
#VampsFirstShow,1,0.6739,2016-03-25
#LIBRA,1,0.0,2016-03-25
#heatnation,1,0.6808,2016-03-25
#KyuhyunInUAE,1,0.0,2016-03-25
#Lara,1,0.0,2016-03-25
#LipKitbyKylie,1,0.0,2016-03-25
#PerdueCrew,2,0.0,2016-03-25
#ChupaCoxinhas,1,0.0,2016-03-25
#tiffany,1,0.0,2016-03-25
#ReligiousInsanity,1,-0.4841,2016-03-25
#lulanacadeia,1,0.0,2016-03-25
#5SOSFAM,3,-0.27616666666666667,2016-03-25
#NOMASTPP,1,0.0,2016-03-25
#ERFAO,1,0.0,2016-03-25
#studiocat,1,0.0,2016-03-25
#xandercagereturns,1,0.0,2016-03-25
#Cruz,1,0.3818,2016-03-25
#Fly,2,0.26995,2016-03-25
#Update,1,0.4574,2016-03-25
#Antoine,1,0.1779,2016-03-25
#undertaker,1,0.9558,2016-03-25
#Santiago,1,0.0,2016-03-25
#ReadyForWar,1,0.0,2016-03-25
#LulaLixoMundial,2,0.0,2016-03-25
#TCOT,1,-0.4389,2016-03-25
#kcon2016abudhabi,1,0.0,2016-03-25
#WeAreND,1,-0.826,2016-03-25
#feriadotop,1,0.0,2016-03-25
#BernieBird,1,0.5859,2016-03-25
#coffee,1,0.0,2016-03-25
#Key,1,0.0,2016-03-25
#popart,1,0.0,2016-03-25
#ers,1,0.4404,2016-03-25
#Washington,1,-0.5994,2016-03-25
#Z985,1,-0.5267,2016-03-25
#fitness,1,0.765,2016-03-25
#ViernesDeGanarSeguidores,3,0.20413333333333336,2016-03-25
#lyingted,1,0.0516,2016-03-25
#DrPankajLynched,3,-0.16283333333333336,2016-03-25
#ArianaGrande,1,0.0,2016-03-25
#fps,1,0.3147,2016-03-25
#SS7,1,0.0,2016-03-25
#madewithunity,1,0.0,2016-03-25
#NDvsWI,2,0.28595,2016-03-25
#TBworld2016,7,0.24552857142857146,2016-03-25
#EDM,2,-0.39095,2016-03-25
#WorldCup,1,0.0,2016-03-25
#pdf1,1,0.0,2016-03-25
#Epilepsy,1,0.0,2016-03-25
#rtz,1,0.5267,2016-03-25
#CagadasDeLosUruguayosEnElExterior,1,0.0,2016-03-25
#BlackSaturday,1,0.0,2016-03-25
#Hot,1,0.0,2016-03-25
#BeatUNC,3,0.14003333333333332,2016-03-25
#FelizViernes,1,0.6124,2016-03-25
#Coraz,1,0.0,2016-03-25
#OnlyTrump,1,-0.6352,2016-03-25
#AskBroEliThaBibleAnswers,1,0.0,2016-03-25
#ThrowbackThursday,1,0.0,2016-03-25
#PrayForIraq,2,0.0,2016-03-25
#piesnation,1,0.6562,2016-03-25
#wwe,1,0.9558,2016-03-25
#Lol,1,0.0,2016-03-25
#FOTOGALER,1,0.0,2016-03-25
#girlpower,1,0.6124,2016-03-25
#beyondcloset,1,0.0,2016-03-25
#Piscis,1,0.0,2016-03-25
#Grimm,3,0.20173333333333335,2016-03-25
#needfajitas,1,0.0,2016-03-25
#YouNow,1,0.6249,2016-03-25
#depression,1,-0.5423,2016-03-25
#bbq,1,0.0,2016-03-25
#onWisconsin,1,0.0,2016-03-25
#CHEN,1,0.0,2016-03-25
#arteradikal,1,0.0,2016-03-25
#BIGBANG,1,0.0,2016-03-25
#SouthCarolinaDebate,1,0.0,2016-03-25
#Sagittarius,1,0.0,2016-03-25
#charity,1,0.0516,2016-03-25
#mlb,1,0.0,2016-03-25
#markets,1,0.0,2016-03-25
#HobbyLove,1,0.0,2016-03-25
#feminism,1,0.0,2016-03-25
#JuangaSpears,1,0.0,2016-03-25
#AINF,1,0.0,2016-03-25
#WaitingForEunhyuk,1,0.0,2016-03-25
#quote,3,0.2106333333333333,2016-03-25
#ygent,1,0.0,2016-03-25
#_pum1,2,0.0,2016-03-25
#disabodyposi,1,-0.5423,2016-03-25
#JK,2,0.0,2016-03-25
#followmejp,1,0.0,2016-03-25
#FunnyVideos,1,0.0,2016-03-25
#LibertadTour,1,0.0,2016-03-25
#TMNT2,1,0.8617,2016-03-25
#JC,1,0.0,2016-03-25
#iHeartAwards,491,0.07193482688391037,2016-03-25
#asktristan,1,0.4588,2016-03-25
#Wiley_RYS16,1,0.0,2016-03-25
#EliminatoriasRusia2018,1,0.0,2016-03-25
#Buffalo,1,0.4753,2016-03-25
#Cruzsexscandal,3,0.39666666666666667,2016-03-25
#saturdaymorning,1,0.0,2016-03-25
#LeaMa,1,0.0,2016-03-25
#greatday,1,0.0,2016-03-25
#TheHeirs,1,0.0,2016-03-25
#AllGloryToGod,1,0.5994,2016-03-25
#nudity,1,-0.2263,2016-03-25
#Boston,1,0.0,2016-03-25
#JediChaperone,1,0.0,2016-03-25
#Harmonizers,24,0.06460416666666667,2016-03-25
#Japantown,1,0.0,2016-03-25
#bi,1,0.0,2016-03-25
#askmagcult,1,0.0,2016-03-25
#p2b,1,0.0,2016-03-25
#mouth,1,0.4939,2016-03-25
#THREEPEAT,1,0.807,2016-03-25
#Touro,1,0.0,2016-03-25
#PJNET,2,-0.08875,2016-03-25
#Zootopia,1,0.0,2016-03-25
#Lumia_bot,1,0.0,2016-03-25
#OpWhiteRose,1,0.0,2016-03-25
#EGAOffAirSMAN1KWCirebon,1,-0.5106,2016-03-25
#k2pettitor,1,0.6249,2016-03-25
#gameinsight,6,0.0,2016-03-25
#OnGo,1,0.296,2016-03-25
#dating,1,-0.5574,2016-03-25
#lionsroar,1,0.0,2016-03-25
#freefollowers,1,0.6908,2016-03-25
#jk,2,0.0,2016-03-25
#BestFamArmy,2,0.0,2016-03-25
#eikaiwa,1,0.0,2016-03-25
#HipHop,1,0.0,2016-03-25
#DescendantsOfTheSun,2,0.0,2016-03-25
#sem,1,0.0,2016-03-25
#TripleThreat,9,0.11161111111111113,2016-03-25
#KakuIndoSuper2,2,0.0,2016-03-25
#VamosBahia,1,0.0,2016-03-25
#40A,1,0.0,2016-03-25
#Republican,1,0.3818,2016-03-25
#Egypt,1,-0.4767,2016-03-25
#Bitcoin,1,-0.0762,2016-03-25
#forex,1,0.0,2016-03-25
#gamer,1,0.0,2016-03-25
#ClassActs,1,0.0,2016-03-25
#ZinosPredicciones,1,0.0,2016-03-25
#DISPROMO,1,0.296,2016-03-25
#sex,2,-0.39185000000000003,2016-03-25
#ViernesSanto,5,0.0,2016-03-25
#ForaDilma,1,0.0,2016-03-25
#STARZ,1,0.7192,2016-03-25
#NAVY,1,0.0,2016-03-25
#genie,1,0.7959,2016-03-25
#keepthecap,1,-0.7418,2016-03-25
#Shadowhunters,1,0.5526,2016-03-25
#sellingbritain,1,0.0,2016-03-25
#google,1,-0.128,2016-03-25
#WOW,1,0.0,2016-03-25
#SGSeruBareng,1,0.0,2016-03-25
#Teen,1,0.0,2016-03-25
#asswednesday,1,0.0,2016-03-25
#surfsup,1,0.6209,2016-03-25
#PromoBlast,1,0.296,2016-03-25
#CamilaIsOurPrincess,14,0.06634285714285715,2016-03-25
#Nowplaying,2,0.0,2016-03-25
#AceCafe,1,0.0,2016-03-25
#creditscores,1,0.6705,2016-03-25
#VenezuelaDisfruta,1,0.0,2016-03-25
#Oakland,1,0.2263,2016-03-25
#SleazyDonald,1,0.5974,2016-03-25
#BuffaloMotorama,1,0.5093,2016-03-25
#Media420,1,-0.4926,2016-03-25
#pixiv,1,0.0,2016-03-25
#ObamaCare,1,-0.5106,2016-03-25
#TweetanongMoKaySorianoBibliAngSasagot,1,0.0,2016-03-25
#WomanPower,1,0.9118,2016-03-25
#Psychology,1,0.0,2016-03-25
#hostel,1,0.0,2016-03-25
#sm28500340,1,0.0,2016-03-25
#Hillyes,1,0.0,2016-03-25
#ShineBoss,1,0.9118,2016-03-25
#vegan,1,-0.5423,2016-03-25
#FOLLOW,3,0.659,2016-03-25
#Trump2016,2,0.06109999999999999,2016-03-25
#ralphlauren,1,0.0,2016-03-25
#AlejandroSanzEnLima,1,0.0,2016-03-25
#LackOFWorries,1,0.0,2016-03-25
#NYC,1,-0.7378,2016-03-25
#pussy,1,0.0,2016-03-25
#LlenateDeBuenaVibre,1,-0.4466,2016-03-25
#oldtownalexandria,1,0.4767,2016-03-25
#Mark,1,0.0,2016-03-25
#TheTruthCaster,1,0.0,2016-03-25
#Draghi,1,0.0,2016-03-25
#Tenis,1,0.0,2016-03-25
#iHe,1,0.0,2016-03-25
#JBSS3,1,0.0,2016-03-25
#investments,1,0.0,2016-03-25
#LaHistoriaDeCloe,1,0.0,2016-03-25
#iSwearItsNotForMe,1,0.0,2016-03-25
#Produce101,1,0.0,2016-03-25
#virgin,1,-0.5574,2016-03-25
#ModelSchools,1,0.4003,2016-03-25
#WisataGunungkidul,1,0.0,2016-03-25
#porngif,1,0.2732,2016-03-25
#shameonNC,1,0.296,2016-03-25
#airchrist,1,0.0,2016-03-25
#followme,1,0.0,2016-03-25
#JenniferHudson,1,0.4588,2016-03-25
#XXX,1,0.0,2016-03-25
#PurposeTourChildren,1,0.5622,2016-03-25
#sytta,1,0.0,2016-03-25
#androidgames,6,0.0,2016-03-25
#Mty,1,0.0,2016-03-25
#Follow,3,-0.12726666666666667,2016-03-25
#syttd,1,0.0,2016-03-25
#sungjong,1,0.0,2016-03-25
#UnitedWeZag,1,0.0,2016-03-25
#tof2016,1,0.0,2016-03-25
#GeorgeClooneyIsWithHer,1,0.0,2016-03-25
#Happy20thQueenKATH,8,0.4158125,2016-03-25
#MSCoastLife,1,0.4926,2016-03-25
#AFCON2017,1,0.0,2016-03-25
#MONSTA_X,2,0.0,2016-03-25
#Correa,1,-0.296,2016-03-25
#SparkleAndShineDarling,1,0.9118,2016-03-25
#WizWolves,1,-0.5106,2016-03-25
#boooo,1,0.0431,2016-03-25
#ClickYourHeart,1,0.3802,2016-03-25
#GD,1,0.0,2016-03-25
#Apps,2,0.0,2016-03-25
#kconabudhabi,1,0.0,2016-03-25
#iubb,2,0.0,2016-03-25
#TheCodcast,1,-0.296,2016-03-25
#filthyfrank,1,0.0,2016-03-25
#pg3d,1,0.3147,2016-03-25
#sansei_muramasa,1,0.0,2016-03-25
#tb,1,0.0,2016-03-25
#UKNOWY,1,0.0,2016-03-25
#giftsets,1,0.9022,2016-03-25
#perfume,1,0.9022,2016-03-25
#instafit,1,0.0,2016-03-25
#JohnCleese,1,0.0,2016-03-25
#SomosOneWorld,1,0.0,2016-03-25
#HolaYAdios,1,0.0,2016-03-25
#teenage,1,-0.5574,2016-03-25
#messi,1,0.0,2016-03-25
#ScrewAttack,1,0.0,2016-03-25
#Caps,1,0.0,2016-03-25
#tbo,1,0.5106,2016-03-25
#Damn,1,0.0,2016-03-25
#ListenNow,1,0.6369,2016-03-25
#beachboy,1,0.6209,2016-03-25
#TROPA,2,0.0,2016-03-25
#nowplaying,3,0.03423333333333333,2016-03-25
#cumberbatch,1,0.0,2016-03-25
#Umobile,1,0.0,2016-03-25
#Funny,1,0.0,2016-03-25
#game,2,0.27115,2016-03-25
#BestCove,1,0.296,2016-03-25
#WTF,1,0.0,2016-03-25
#Listen,1,0.0,2016-03-25
#LadyGaga,2,0.24695,2016-03-25
#Greece,1,0.0,2016-03-25
#MCRPolarPoll,1,0.7269,2016-03-25
#MangelEnCMF,2,0.44799999999999995,2016-03-25
#AKB48,1,0.0,2016-03-25
#JKT48DahsyatRCTI,1,0.0,2016-03-25
#seriousfun,1,0.6249,2016-03-25
#p_um1,2,0.0,2016-03-25
#Radio,2,0.0,2016-03-25
#GMBNBT,1,0.0,2016-03-25
#kyliejenner,1,-0.4588,2016-03-25
#ProcesiondelSilencio,1,0.0,2016-03-25
#iOS,2,0.0,2016-03-25
#pasco,1,0.5106,2016-03-25
#Viacrucis,1,0.0,2016-03-25
#MansionElan,1,0.0,2016-03-25
#TommyEsguerra,1,0.5413,2016-03-25
#DCMusic,1,0.0,2016-03-25
#np,3,0.0,2016-03-25
#Yunho,1,0.5413,2016-03-25
#sneakerhead,1,0.0,2016-03-25
#List,1,0.9217,2016-03-25
#ANTI,1,0.0,2016-03-25
#Cyclones,2,-0.08274999999999996,2016-03-25
#ParadiseIsland2,1,0.6696,2016-03-25
#TURNUP,1,0.0,2016-03-25
#Kerry,1,0.0,2016-03-25
#safeschools,1,0.0,2016-03-25
#Mecum,1,0.7096,2016-03-25
#ALMDHAL16,1,0.0,2016-03-25
#likes,1,0.0,2016-03-25
#MileyOnTheVoice,1,0.0,2016-03-25
#HDRthebook,1,0.0772,2016-03-25
#Canada,1,-0.5216,2016-03-25
#running,1,0.0,2016-03-25
#FuiDespedido,1,0.0,2016-03-25
#Middleschoolmovie,1,0.6588,2016-03-25
#RealTalk,1,0.0,2016-03-25
#holyweek,1,0.0,2016-03-25
#YoungMetro,1,0.0,2016-03-25
#art,1,0.0,2016-03-25
#1bankuji,1,0.0,2016-03-25
#Central,1,0.0,2016-03-25
#060,2,0.0,2016-03-25
#Hot100,1,0.0,2016-03-25
#FitBit,1,0.636,2016-03-25
#ClintonFoundation,1,0.0,2016-03-25
#SingKaraoke,1,0.0,2016-03-25
#MSGwishes,12,0.3406,2016-03-25
#beautiful,1,0.0,2016-03-25
#GENETALK,1,0.0,2016-03-25
#ameblo,1,0.0,2016-03-25
#critics,1,-0.2023,2016-03-25
#unity3d,2,0.07655,2016-03-25
#cumshot,1,-0.3182,2016-03-25
#ComentaShow,1,0.0,2016-03-25
#MeghanTrainor,1,0.4404,2016-03-25
#GoodNight,1,0.0,2016-03-25
#mouthfetish,1,0.4939,2016-03-25
#TAURO,1,0.0,2016-03-25
#WeUp,1,0.0,2016-03-25
#LOTHT,1,0.6588,2016-03-25
#miedooooo,1,0.0,2016-03-25
#ImMadAF,1,0.5095,2016-03-25
#gifporn,1,0.2732,2016-03-25
#FranciscodeQuevedo,1,0.0,2016-03-25
#LebronJames,1,0.6696,2016-03-25
#SGGE,1,-0.4053,2016-03-25
#semanaSanta,1,0.0,2016-03-25
#interviewed,1,0.1779,2016-03-25
#BOT,1,0.0,2016-03-25
#brief,1,0.0,2016-03-25
#fernandobotero,1,0.0,2016-03-25
#Truth,1,0.0,2016-03-25
#EnDirecto,1,0.0,2016-03-25
#Nuketweet,1,0.0,2016-03-25
#WDP202,1,0.0,2016-03-25
#Rock,1,0.0,2016-03-25
#SayNoToSharia,1,0.0,2016-03-25
#popcorm,1,0.0,2016-03-25
#workworkwork,1,0.0,2016-03-25
#33d,1,0.0,2016-03-25
#keepitintheground,1,0.4215,2016-03-25
#marchmaddress,1,0.0,2016-03-25
#BrunoMars,1,0.0,2016-03-25
#iHea,1,-0.128,2016-03-25
#ABSCBNSORELOSER,1,0.0,2016-03-25
#1YearWithoutZayn,1,0.8126,2016-03-25
#touken,2,0.0,2016-03-25
#StarWars,1,0.0,2016-03-25
#Tampico,1,0.0,2016-03-25
#SSantaAlmeria,1,0.0,2016-03-25
#Batman,1,0.6124,2016-03-25
#concert,1,0.0,2016-03-25
#ocean,1,0.0,2016-03-25
#TilItHappensToYou,1,0.0,2016-03-25
#IdolTop4,1,0.0,2016-03-25
#IDWP,1,0.5423,2016-03-25
#UMI,1,0.6249,2016-03-25
#islam,1,-0.6166,2016-03-25
#ShokoMadrid,1,0.0,2016-03-25
#FBI,1,0.8001,2016-03-25
#rstats,1,0.8885,2016-03-25
#masturbate,1,0.0,2016-03-25
#lvup,1,0.0,2016-03-25
#SouhilaBenLachhab,1,0.0,2016-03-25
#ygnewboys,1,0.0,2016-03-25
#AllAboutApple,2,0.0,2016-03-25
#CDMX,1,0.0,2016-03-25
#SaveMeTrump,1,0.0,2016-03-25
#seunghoon,1,0.3182,2016-03-25
#ENN_select,1,0.0,2016-03-25
#mindfulness,1,-0.5423,2016-03-25
#Android,3,0.0,2016-03-25
#BBB16,1,0.0,2016-03-25
#YGTrainee,1,0.0,2016-03-25
#pum1_,2,0.0,2016-03-25
#mixeduse,1,0.7783,2016-03-25
#Virgos,1,-0.1761,2016-03-25
#AmericaCanDoBetter,1,-0.7965,2016-03-25
#4756,1,0.2263,2016-03-25
#IRENEPINK,1,0.0,2016-03-25
#FridayFeeling,1,0.4404,2016-03-25
#g1Nation,1,0.0,2016-03-25
#maskltda,1,-0.296,2016-03-25
#NHL,2,0.17,2016-03-25
#Directioners,12,0.08289166666666666,2016-03-25
#IdealMusic,1,0.0,2016-03-25
#iTunes,1,0.0,2016-03-25
#trumppeckerscandal,1,0.851,2016-03-25
#GoACC,1,0.0,2016-03-25
#ExpoEuVou,1,0.5411,2016-03-25
#dankmemes,1,0.0,2016-03-25
#mcm,1,0.0,2016-03-25
#Please,1,0.4898,2016-03-25
#BringIt,1,0.0,2016-03-25
#Aldenrichards,1,0.4939,2016-03-25
#MarchMadness,7,0.29981428571428576,2016-03-25
#KCON,1,0.0,2016-03-25
#Vida,1,-0.296,2016-03-25
#lockedin,1,0.0,2016-03-25
#womenshistorymonth,1,0.6114,2016-03-25
#movietwit,2,-0.2997,2016-03-25
#CruzScandal,1,-0.7378,2016-03-25
#BrasilvsUruguay,1,-0.296,2016-03-25
#needgreensauce,1,0.0,2016-03-25
#Suarez,1,-0.296,2016-03-25
#ksa,1,0.0,2016-03-25
#touken_hanamaru,2,0.0,2016-03-25
#LetsGoKomets,1,0.0,2016-03-25
#mixi_diary,1,0.0,2016-03-25
#photography,2,0.23515,2016-03-25
#GarryShandling,1,0.0,2016-03-25
#promotion,2,0.0,2016-03-25
#LaRumbaEsMia,1,-0.4466,2016-03-25
#JennerUpdates,1,0.0,2016-03-25
#money,2,0.0,2016-03-25
#BoycottJapan,1,0.0,2016-03-25
#tycoon,1,0.0,2016-03-25
#bs,1,0.0,2016-03-25
#JenniferLopez,1,0.0,2016-03-25
#Kindle,1,0.8172,2016-03-25
#newgame,1,0.0,2016-03-25
#TedScruz,1,-0.7378,2016-03-25
#TeamBrothersVM,2,0.3062,2016-03-25
#ygfamily,1,0.0,2016-03-25
#yotengounplan,1,0.0,2016-03-25
#short,1,0.8172,2016-03-25
#DIMITRIVEGAS,1,-0.7819,2016-03-25
#MiVoto40Zayn,1,0.0,2016-03-25
#HOSPITALPANT,1,0.0,2016-03-25
#JIMIN,1,0.0,2016-03-25
#WonderCon2016,1,0.5526,2016-03-25
#TheReal,1,0.0,2016-03-25
#london,1,0.0,2016-03-25
#BeQuick,2,0.0,2016-03-25
#DataViz,1,0.0,2016-03-25
#GuacNRoll,1,0.8452,2016-03-25
#leicestersquare,1,0.0,2016-03-25
#160326,1,0.0,2016-03-25
#abdsc,1,0.0,2016-03-25
#ADOPT,1,-0.7378,2016-03-25
#NoAhoraPorfavor,1,0.0,2016-03-25
#WeAreNotThis,1,0.0,2016-03-25
#TMCS,1,0.0,2016-03-25
#Periscope,4,0.0,2016-03-25
#Trump,3,-0.6592,2016-03-25
#RAPMONSTER,1,0.0,2016-03-25
#OsVirtuaisAnonimosSDV,1,0.0,2016-03-25
#EMBR3,1,0.0,2016-03-25
#wishfulthinking,1,-0.2406,2016-03-25
#GHETTO,1,0.0,2016-03-25
#MAGA,1,0.7574,2016-03-25
#542,1,0.855,2016-03-25
#vacations,1,0.0,2016-03-25
#screenshotsaturday,1,0.0,2016-03-25
#SAGITARIO,1,-0.296,2016-03-25
#uruguayvsbrasil,1,0.0,2016-03-25
#True,1,0.0,2016-03-25
#BatmanvsSuperman,1,0.7003,2016-03-25
#g_uc,2,0.0,2016-03-25
#grdrv,1,0.0,2016-03-25
#news,2,0.0,2016-03-25
#BrazilvsUruguay,1,-0.4019,2016-03-25
#dgrayman,2,0.0,2016-03-25
#HockeyDrills,1,0.0,2016-03-25
#jojo_ss,1,0.0,2016-03-25
#StartWithHealthy,1,0.0,2016-03-25
#teamalexandria,1,0.0,2016-03-25
#summer,1,0.0,2016-03-25
#robertgraham,1,0.0,2016-03-25
#Badgers,3,0.10573333333333333,2016-03-25
#ALDUB36thWeeksary,1,0.7088,2016-03-25
#919Hybrid,1,0.0,2016-03-25
#FrasesArjona,1,0.0,2016-03-25
#books,1,-0.9097,2016-03-25
#Lyon,2,0.0,2016-03-25
#B6,2,0.0,2016-03-25
#NDWBB,1,0.0,2016-03-25
#LowLife,2,0.0,2016-03-25
#conversaciones,1,-0.296,2016-03-25
#URGENTE,1,0.0,2016-03-25
#AightLetsRoll,1,0.0,2016-03-25
#iHeartZayn,10,0.09936,2016-03-25
#NBAextra,1,0.0,2016-03-25
#TNTvote,1,0.0,2016-03-25
#bkstg,1,-0.2732,2016-03-25
#TeamGamma,1,0.4588,2016-03-25
#goldbricks,1,0.0,2016-03-25
#mark,1,0.0,2016-03-25
#ABSOLUTELY,1,0.0,2016-03-25
#BoycottBooba,2,0.0,2016-03-25
#Booba,3,0.0,2016-03-25
#Porn,1,0.0,2016-03-25
#5kmAhok,1,0.0,2016-03-25
#CANMNT,1,0.0,2016-03-25
#BestMovieSong,1,0.0,2016-03-25
#Quer,1,0.0,2016-03-25
#MissingMaiChard,7,-0.01757142857142857,2016-03-25
#vore,1,0.4939,2016-03-25
#sgserubareng,1,0.0,2016-03-25
#Aquarians,1,-0.5106,2016-03-25
#EstrenosPPV,1,-0.5242,2016-03-25
#13,1,0.0,2016-03-25
#WatchTNA,1,0.0,2016-03-25
#LoseCruz,1,-0.6352,2016-03-25
#FNC,1,0.3802,2016-03-25
#piapro,1,0.0,2016-03-25
#snsd,1,0.0,2016-03-25
#plantbased,1,-0.5423,2016-03-25
#GG,2,0.0,2016-03-25
#VivirSinViolencia,1,0.34,2016-03-25
#HoneyWorks,1,0.0,2016-03-25
#CruzCrew,3,-0.24170000000000003,2016-03-25
#ter,1,0.0,2016-03-25
#SEHUN,1,0.0,2016-03-25
#ITSONLYINNAIJATHAT,1,0.6369,2016-03-25
#GOOOL,1,0.0,2016-03-25
#pixelgun,1,0.3147,2016-03-25
#yugbam,1,0.0,2016-03-25
#YearOne,1,0.0,2016-03-25
#ELITE8,1,0.0,2016-03-25
#mileyonthevoice,1,0.0,2016-03-25
#15,1,-0.2263,2016-03-25
#FAIRYTAIL,1,0.0,2016-03-25
#OneDirection,1,0.0,2016-03-25
#jra,1,0.0,2016-03-25
#trndnl,1,0.0,2016-03-25
#RM,1,0.0,2016-03-25
#MS,1,0.0,2016-03-25
#LulaLiderMundial,5,0.10212000000000002,2016-03-25
